id,name,state,country,website
1,(512) Brewing Company,Texas,United States,http://512brewing.com/
2,21st Amendment Brewery Cafe,California,United States,http://www.21st-amendment.com/
3,3 Fonteinen Brouwerij Ambachtelijke Geuzestekerij,Vlaams Brabant,Belgium,http://www.3fonteinen.be/index.htm
4,Aass Brewery,,Norway,http://www.aass.no
5,Abbaye de Leffe,Namur,Belgium,
6,Abbaye de Maredsous,Namur,Belgium,http://www.maredsous10.be/
7,Abbaye Notre Dame du St Remy,Namur,Belgium,
8,Abbey Wright Brewing/Valley Inn,Pennsylvania,United States,http://www.valleyinnonline.com/
9,Aberdeen Brewing,Indiana,United States,
10,Abita Brewing Company,Louisiana,United States,http://www.abita.com/
11,Adnams & Co.,Suffolk,United Kingdom,http://www.adnams.co.uk
12,Affligem Brouwerij,,Belgium,http://www.affligembeer.be/
13,Agassiz Brewing,Manitoba,Canada,
14,Aksarben Brewing (BOP),Nebraska,United States,
15,Aktienbrauerei Kaufbeuren,Bayern,Germany,http://www.aktien-brauerei.de/
16,Alameda Brewhouse,Oregon,United States,
17,Alaskan Brewing,Alaska,United States,http://www.alaskanbeer.com/
18,Alaus Darykla Kalnapilis,,Lithuania,
19,Aldaris,,Latvia,
20,Ale Asylum,Wisconsin,United States,http://www.aleasylum.com/
21,AleSmith Brewing,California,United States,http://alesmith.com/
22,Ali`i Brewing,Hawaii,United States,
23,Allagash Brewing,Maine,United States,http://www.allagash.com/
25,Allentown Brew Works,Pennsylvania,United States,http://www.thebrewworks.com/allentown-brewworks/
26,Allguer Brauhaus AG Kempten,Bayern,Germany,
27,"Allguer Brauhaus AG Kempten, Brausttte Leuterschach",Bayern,Germany,
28,Alltech's Lexington Brewing Company,Kentucky,United States,http://www.kentuckyale.com/kentuckyale/Index.html
29,Alpine Beer Company,California,United States,http://www.alpinebeerco.com/
30,Alpirsbacher Klosterbru,Baden-Wrttemberg,Germany,
31,Alvinne Picobrouwerij,West-Vlaanderen,Belgium,
32,America's Brewing,Illinois,United States,
33,American River Brewing,California,United States,
34,Amerisports Brew Pub,Missouri,United States,
35,Amherst Brewing Company,Massachusetts,United States,http://www.amherstbrewing.com/
36,"Amicas Pizza, Microbrews and More",Colorado,United States,
37,Amstel Brouwerij,,Netherlands,http://www.amstel.com
38,Anacortes Brewing,Washington,United States,http://www.anacortesrockfish.com/
39,Anchor Brewing,California,United States,
40,Andechser Klosterbrauerei,Bayern,Germany,
41,Anderson Valley Brewing,California,United States,http://avbc.com/
42,Andrew's Brewing,Maine,United States,
43,Angelic Brewing,Wisconsin,United States,
44,Anheuser-Busch,Missouri,United States,http://www.anheuser-busch.com/
45,Appalachian Brewing Company,Pennsylvania,United States,http://www.abcbrew.com
46,Appleton Brewing,Wisconsin,United States,
47,Arcadia Brewing,Michigan,United States,http://www.arcadiaales.com/
48,Arcobrau Grafliches Brauhaus,Baden-Wurttemberg,Germany,http://www.arcobraeu.de
49,Arthur Guinness & Son,,Ireland,http://www.guinness.com
50,Asahi Breweries,Kanto,Japan,
51,Asheville Pizza and Brewing Co.,North Carolina,United States,http://www.ashevillepizza.com/
52,ateck Pivovar,,Czech Republic,
53,Athenian Brewery,,Greece,
54,Atlanta Brewing Company,Georgia,United States,http://www.atlantabrewing.com/
55,Atlantic Brewing Company,Maine,United States,http://www.atlanticbrewing.com
56,Atwater Block Brewing,Michigan,United States,http://www.atwaterbeer.com
57,August Schell Brewing,Minnesota,United States,http://www.schellsbrewery.com/
59,Augusta Brewing,Missouri,United States,
60,Augustiner-BrÃ¤u MÃ¼nchen,Bayern,Germany,http://www.augustiner-braeu.de
61,Australian Brewing Corporation,Victoria,Australia,http://www.australianbrewingcorporation.com/
62,Avery Brewing Company,Colorado,United States,http://www.averybrewing.com/
63,Back Road Brewery,Indiana,United States,http://www.backroadbrewery.com/
64,Backcountry Brewery,Colorado,United States,
65,Backwater Brewing,Minnesota,United States,
66,Bad Frog Brewery Company,Michigan,United States,
67,Ball- und Brauhaus Watzke,Sachsen,Germany,http://www.watzke.de
68,Ballast Point Brewing,California,United States,http://www.ballastpoint.com/
69,Baltimore-Washington Beer Works,Maryland,United States,http://www.ravenbeer.com/home.html
70,Bamberger Mahr's-Bru,Bayern,Germany,
71,Bandana Brewery,Minnesota,United States,
72,Bar Harbor Brewing Company,Maine,United States,http://www.barharborbrewing.com/
73,Bard's Tale Beer Company,Missouri,United States,
74,Barfer - das kleine Brauhaus,Baden-Wrttemberg,Germany,
75,Barley Brothers Brewery and Grill,Arizona,United States,
76,Barley Creek Brewing,Pennsylvania,United States,http://www.barleycreek.com/
77,Barley Island Brewing,Indiana,United States,
78,Barley John's Brewpub,Minnesota,United States,
79,Barley's #2 Smokehouse and Brewpub,Ohio,United States,
80,Barley's Brewing #1,Ohio,United States,
81,Barley's Casino & Brewing Company,Nevada,United States,
82,Baron Brewing Company,Washington,United States,http://www.baronbeer.com/
83,Barrel House Brewing Co.,Ohio,United States,http://www.barrelhouse.com
84,Basil T's Brew Pub and Italian Grill,New Jersey,United States,
85,Bass Brewers,Staffordshire,United Kingdom,
86,Bavaria,,Colombia,http://www.bavaria.com.co
87,Bavarian Barbarian Brewing Company,Pennsylvania,United States,http://www.bavarianbarbarian.com
88,Bayerische Staatsbrauerei Weihenstephan,Bayern,Germany,
89,Bayern Brewing,Montana,United States,
90,"BBC Brewing Co., LLC",Kentucky,United States,http://www.bluegrassbrew.com
91,Beach Brewing,Florida,United States,
92,Beach Chalet Brewery,California,United States,
93,Beamish & Crawford,,Ireland,
94,Bear Republic Brewery,California,United States,http://www.bearrepublic.com/
95,Beck's,,Germany,http://www.becks.de/
96,Beermann's Beerwerks BrewPub,California,United States,
97,Belfast Bay Brewing Company,Maine,United States,http://www.belfastbaybrewing.com/
98,Belhaven Brewery,Scotland,United Kingdom,
99,Belize Brewing,,Belize,
100,Bell's Brewery Inc.,Michigan,United States,http://www.bellsbeer.com/
101,Bellows Brew Crew,Wisconsin,United States,
102,Bent River Brewing,Illinois,United States,
103,Berliner Kindl Brauerei AG,Berlin,Germany,
104,Berliner-Kindl-Schultheiss-Brauerei,Berlin,Germany,
105,Bersaglier,Buenos Aires,Argentina,http://www.bersaglier.com.ar/
106,Bethlehem Brew Works,Pennsylvania,United States,http://www.thebrewworks.com/bethlehem-brew-works
107,Bibiana Brewing,Illinois,United States,
108,Biddy Early Brewery,,Ireland,
109,Bierbrouwerij Bavaria,,Netherlands,
110,Bierbrouwerij De Koningshoeven,,Netherlands,http://www.latrappe.nl/
111,Bierbrouwerij St.Christoffel,,Netherlands,http://www.christoffelbeer.com
112,Big Bang Brewery (Closed),California,United States,
113,Big Boss Brewing Company,North Carolina,United States,http://www.bigbossbrewing.com
114,Big Buck Brewery,Michigan,United States,http://www.bigbuck.com/gaylord.html
115,Big Buck Brewery and Steakhouse #2,Michigan,United States,
116,Big Dog's Brewing Company,Nevada,United States,
117,Big Hole Brewing,Montana,United States,
118,Big Horn Brewing @ The RAM 2,Illinois,United States,
119,Big Ridge Brewing,British Columbia,Canada,
120,Big River Brewing,British Columbia,Canada,
121,Big Rock Brewery,Alberta,Canada,
122,Big Sky Brewing,Montana,United States,
123,Big Time Brewing,Washington,United States,http://www.bigtimebrewery.com/
124,Bill's Tavern & Brewhouse,Oregon,United States,
125,Binding Brauerei AG,Hessen,Germany,
126,Birra Forst,,Italy,
127,Birra Moretti,,Italy,
128,Birrificia Le Baladin,,Italy,
129,Birrificio Torrechiara,,Italy,
130,Bison Brewing,California,United States,
131,Bitburger Brauerei,Rheinland-Pfalz,Germany,
132,"BJ's Pizza, Grill, and Brewery - Jantzen Beach",Oregon,United States,
133,BJ's Restaurant and Brewery,California,United States,http://www.bjsrestaurants.com/beer.aspx
134,Black Sheep Brewery,North Yorkshire,United Kingdom,
135,Black Toad Brewing Company,Illinois,United States,
136,Blacksburg Brewing Company,Virginia,United States,http://www.blacksburgbrewing.com/
137,Blackstone Restaurant & Brewery,Tennessee,United States,
138,Blicks Brewing,Colorado,United States,
139,Blitz-Weinhard Brewing,Oregon,United States,
140,Bloomington Brewing Company,Indiana,United States,http://bbc.bloomington.com
141,BluCreek Brewing Company,Wisconsin,United States,
142,Blue Cat Brew Pub,Illinois,United States,
143,Blue Corn Caf and Brewery - Albuquerque,New Mexico,United States,
144,Blue Point Brewing,New York,United States,http://www.bluepointbrewing.com/
145,Blue Ridge Brewing,South Carolina,United States,http://www.blueridgebrewing.com/
146,"Bluegrass Brewing Company, Inc.",Kentucky,United States,http://www.bbcbrew.com
147,Bobcat Cafe & Brewery,Vermont,United States,http://www.bobcatcafe.com/
148,Boddington's Brewery,Manchester,United Kingdom,
149,Boiler Room Brewpub,Nevada,United States,
150,Bonaventure Brewing Co,California,United States,http://www.bonaventurebrewing.com/
151,Bonfire Brewery,Michigan,United States,
152,Boon Rawd Brewery,,Thailand,
153,Bootleggers Steakhouse and Brewery,California,United States,
154,Borsodi SÃ¶rgyÃ¡r,,Hungary,http://www.borsodisorgyar.hu/
155,Boscos Memphis Brewing,Tennessee,United States,
156,BOSS Browar Witnica S.A.,,Poland,http://www.browar-witnica.pl/
157,Boston Beer Company,Massachusetts,United States,http://www.samueladams.com/
158,Boston Beer Works,Massachusetts,United States,
159,Bottom's Up Brewing,Wyoming,United States,
160,Boulder Beer Company,Colorado,United States,http://boulderbeer.com/
161,Boulevard Brewing Company,Missouri,United States,http://www.blvdbeer.com/
162,Boundary Bay Brewery and Bistro,Washington,United States,
163,Brasal-Brasserie Allemande,Quebec,Canada,
164,Brasserie Artisanale de Rulles,Luxembourg,Belgium,
165,Brasserie Bnifontaine,,France,
166,Brasserie Clarysse,Oost-Vlaanderen,Belgium,
167,Brasserie D'Achouffe,Luxembourg,Belgium,
168,Brasserie d'Ecaussinnes,Hainaut,Belgium,
169,Brasserie d'Orval,Luxembourg,Belgium,
170,Brasserie de Blaugies,Hainaut,Belgium,
171,Brasserie de Brunehaut,Hainaut,Belgium,http://www.brunehaut.com/
172,Brasserie de Cazeau,,Belgium,
173,Brasserie de l'Abbaye de Scourmont (Trappistes),Hainaut,Belgium,
174,Brasserie De L'Abbaye Des Rocs,Hainaut,Belgium,
175,Brasserie de l'Abbaye Val-Dieu,Lige,Belgium,
176,Brasserie de la Senne,Vlaams Brabant,Belgium,
177,Brasserie De Saint Sylvestre,,France,http://www.brasserie-st-sylvestre.com/
178,Brasserie De Silenrieux,Namur,Belgium,
179,Brasserie de Silly,Hainaut,Belgium,
180,Brasserie de Tahiti,,French Polynesia,
181,Brasserie de Vervifontaine,Lige,Belgium,
182,Brasserie des Cimes,,France,
183,Brasserie des Franches-Montagnes,,Switzerland,
184,Brasserie des Gants,Hainaut,Belgium,
185,Brasserie des Vosges,,France,
186,Brasserie du Benin,,Togo,
187,Brasserie du Bocq,Namur,Belgium,
188,Brasserie Dubuisson,Hainaut,Belgium,
189,Brasserie Dupont,Hainaut,Belgium,
190,Brasserie Duyck,,France,
191,Brasserie Ellezelloise,Hainaut,Belgium,
192,Brasserie Fantme,Luxembourg,Belgium,
193,Brasserie Grain D'Orge,,France,
194,Brasserie La Binchoise,Hainaut,Belgium,
195,Brasserie La Caracole,Namur,Belgium,
196,Brasserie La Choulette,,France,
197,Brasserie Lefebvre,Brabant Wallon,Belgium,
198,Brasserie McAuslan,Quebec,Canada,http://www.mcauslan.com
199,Brasserie Pietra,,France,
200,Brasserie Thiriez,,France,
201,Brasserie Val de Sambre,Hainaut,Belgium,
202,Brasserie-Brouwerij Cantillon,Brussel,Belgium,http://www.cantillon.be/
203,Brasseries Kronenbourg,,France,
204,Brauerei & Gasthof zur Krone,Baden-Wrttemberg,Germany,
205,Brauerei Aying Franz Inselkammer KG,Bayern,Germany,
206,Brauerei Beck,Bremen,Germany,
207,Brauerei C. & A. Veltins GmbH & Co.,Nordrhein-Westfalen,Germany,
208,Brauerei Fssla,Bayern,Germany,
209,Brauerei Gbr. Maisel KG,,Germany,http://www.maisel.com/
210,Brauerei Grieskirchen AG,,Austria,
211,Brauerei Gss,,Austria,
212,Brauerei Herrenhausen,Niedersachsen,Germany,
213,Brauerei Hrle,Baden-WÃ¼rttemberg,Germany,
214,Brauerei Hrlimann,,Switzerland,
215,Brauerei im Fchschen,Nordrhein-Westfalen,Germany,
216,Brauerei Leibinger,Baden-Wrttemberg,Germany,
217,Brauerei Locher AG,,Switzerland,
218,Brauerei Reissdorf,Nordrhein-Westfalen,Germany,
219,Brauerei Schtzengarten,,Switzerland,
220,Brauerei Schumacher,Nordrhein-Westfalen,Germany,
221,Brauerei Schwelm,Nordrhein-Westfalen,Germany,
222,Brauerei Spezial,Bayern,Germany,
223,Brauerei und Altbierkche Pinkus Mller,Nordrhein-Westfalen,Germany,http://www.pinkus-mueller.de/
224,Brauerei Wieselburg,,Austria,http://www.wieselburger.at
225,Brauereigasthof Adler,Baden-Wrttemberg,Germany,
226,Brauhaus am WaldschlÃ¶sschen,Sachsen,Germany,http://www.waldschloesschen.de
227,Brauhaus Brew Hall,Minnesota,United States,http://www.braubrothersbrewing.com/
228,Brauhaus Faust,Bayern,Germany,
229,Brauhaus Johann Albrecht - Dsseldorf,Nordrhein-Westfalen,Germany,
230,Brauhaus Johann Albrecht - Konstanz,Baden-Wrttemberg,Germany,
231,Brauhaus Onuma,Hokkaido,Japan,
232,Brauhaus Sion,Nordrhein-Westfalen,Germany,
233,Brauhaus Sternen,,Switzerland,
234,Brausttte der Steirerbrau Aktiengesellschaft,,Austria,
235,Breckenridge BBQ of Omaha,Nebraska,United States,
236,Breckenridge Brewery,Colorado,United States,http://www.breckbrew.com/
238,Brennerei-Distillerie Radermacher,Lige,Belgium,
239,Brew Kettle Taproom & Smokehouse BOP,Ohio,United States,
240,Brew Makers,California,United States,
241,BrewDog Ltd,,United Kingdom,http://brewdog.com/
242,Brewer's Art,Maryland,United States,http://www.belgianbeer.com
243,Brewery at Martha's Vineyard,Massachusetts,United States,
244,Brewery Belle-Vue,Brussel,Belgium,
245,Brewery Budweiser Budvar,Ceske Budejovice,Czech Republic,http://www.budvar.cz/
246,Brewery Corsendonk,Antwerpen,Belgium,
247,Brewery Creek Brewing,Wisconsin,United States,http://www.brewerycreek.com/
248,Brewery De Troch,Vlaams Brabant,Belgium,
249,Brewery Ommegang,New York,United States,
250,Brewmasters Restaurant and Brewery South,Wisconsin,United States,
251,Brewpub-on-the-Green,California,United States,
252,Breznak,,Czech Republic,http://drinksunion.qbizm.cz/de/pages/vyrobky_p_breznak.htm
253,Brick Brewing,Ontario,Canada,
254,Bricktown Brewery,Iowa,United States,
255,BridgePort Brewing,Oregon,United States,http://www.bridgeportbrew.com/
256,Brimstone Brewing,Maryland,United States,
257,Bristol Brewing,Colorado,United States,
258,Broad Ripple Brewing,Indiana,United States,
259,Brooklyn Brewery,New York,United States,http://www.brooklynbrewery.com/
260,Broughton Ales,Scotland,United Kingdom,http://www.broughtonales.co.uk/
261,Brouwerij 't IJ,,Netherlands,
262,Brouwerij Abdij der Trappisten van Westmalle,Antwerpen,Belgium,http://www.trappistwestmalle.be
263,Brouwerij Abdij Saint Sixtus,West-Vlaanderen,Belgium,
264,Brouwerij Alken-Maes,Hainaut,Belgium,
265,Brouwerij Artois,Vlaams Brabant,Belgium,
266,Brouwerij Bavik - De Brabandere,West-Vlaanderen,Belgium,
267,Brouwerij Bockor,West-Vlaanderen,Belgium,
268,Brouwerij Boon,Vlaams Brabant,Belgium,
269,Brouwerij Bosteels,Oost-Vlaanderen,Belgium,
270,Brouwerij De Achelse Kluis,Limburg,Belgium,
271,Brouwerij De Block,Vlaams Brabant,Belgium,
272,Brouwerij De Dolle Brouwers,West-Vlaanderen,Belgium,http://www.dedollebrouwers.be/
273,Brouwerij de Gouden Boom,West-Vlaanderen,Belgium,
274,Brouwerij De Keersmaeker,Vlaams Brabant,Belgium,
1421,DC Brau,DC,United States,http://www.dcbrau.com/
276,Brouwerij De Landtsheer,Oost-Vlaanderen,Belgium,
277,Brouwerij De Ranke,West-Vlaanderen,Belgium,
278,Brouwerij De Regenboog,West-Vlaanderen,Belgium,
279,Brouwerij De Smedt,Vlaams Brabant,Belgium,
280,Brouwerij der Sint-Benedictusabdij de Achelse Kluis,,Belgium,http://www.achelsekluis.org/
281,Brouwerij Duvel Moortgat,,Belgium,
282,Brouwerij Duysters,Vlaams Brabant,Belgium,
283,Brouwerij Girardin,Vlaams Brabant,Belgium,
284,Brouwerij Het Anker,Antwerpen,Belgium,http://www.hetanker.be/
285,Brouwerij Huyghe,Oost-Vlaanderen,Belgium,
286,Brouwerij Kerkom,Limburg,Belgium,
287,Brouwerij Liefmans,Oost-Vlaanderen,Belgium,http://www.liefmans.be/
288,Brouwerij Lindemans,Vlaams Brabant,Belgium,
289,Brouwerij Nacional Balashi,,Aruba,http://www.balashi.com/balashi/
290,Brouwerij Oud Beersel,Vlaams Brabant,Belgium,
291,Brouwerij Rodenbach,West-Vlaanderen,Belgium,
292,Brouwerij Roman,Oost-Vlaanderen,Belgium,
293,Brouwerij Sint-Jozef,Limburg,Belgium,
294,Brouwerij Slaghmuylder,Oost-Vlaanderen,Belgium,
295,Brouwerij St-Feuillien,Hainaut,Belgium,
296,Brouwerij St. Bernardus,West-Vlaanderen,Belgium,http://www.sintbernardus.be
297,Brouwerij Sterkens,Antwerpen,Belgium,
298,Brouwerij Strubbe,West-Vlaanderen,Belgium,
299,Brouwerij The Musketiers,Oost-Vlaanderen,Belgium,
300,Brouwerij Van Den Bossche,Oost-Vlaanderen,Belgium,
301,Brouwerij Van Eecke,West-Vlaanderen,Belgium,
302,Brouwerij van Hoegaarden,Vlaams Brabant,Belgium,
303,Brouwerij Van Honsebrouck,West-Vlaanderen,Belgium,
304,Brouwerij Van Steenberge,Oost-Vlaanderen,Belgium,
305,Brouwerij Verhaeghe,West-Vlaanderen,Belgium,
306,Browar NamysÅ‚Ã³w Sp. z o.o.,,Poland,
307,Browar Okocim,,Poland,http://www.okocim.pl/
308,Browar Warka,,Poland,http://www.warka.com.pl/
309,Browar Zywiec,,Poland,http://www.zywiec.com.pl/
310,Brown Street Brewery,Wisconsin,United States,
311,Brownings,Kentucky,United States,http://www.diningonmain.com/Brownings/Brownings_home.html
312,Bryggeriet lfabrikken,,Denmark,
313,BT McClintic Beer Company,Wisconsin,United States,
314,Bube's Brewery,Pennsylvania,United States,http://www.bubesbrewery.com
315,Budjovick Budvar,,Czech Republic,
316,Budjovick Mansk Pivovar,,Czech Republic,
317,Bull & Bush Pub & Brewery,Colorado,United States,
318,Bulldog Brewing,California,United States,
319,Bullfrog Brewery,Pennsylvania,United States,http://www.bullfrogbrewery.com
320,Bulmer Cider,,United Kingdom,
321,BÃ¼rgerbrÃ¤u Wolnzach,Bayern,Germany,
322,Burton Bridge Brewery,Staffordshire,United Kingdom,http://www.burtonbridgebrewery.co.uk/Index.shtml
323,Butte Creek Brewing,California,United States,
324,Butterfield Brewing #1,California,United States,
325,Buzzards Bay Brewing Inc.,Massachusetts,United States,http://www.buzzardsbrew.com/
326,C.B. & Potts of Cheyenne,Wyoming,United States,
327,C.H. Evans Brewing Company,New York,United States,http://www.evansale.com/
328,Caldera Brewing,Oregon,United States,http://www.calderabrewing.com
329,Caledonian Brewing,Scotland,United Kingdom,
330,Calhoun's Microbrewery,Tennessee,United States,
331,California Cider Company,California,United States,
332,Callahan's Pub and Brewery,California,United States,
333,Cambridge Brewing,Massachusetts,United States,http://www.cambrew.com/
334,Cameron's Brewing,Ontario,Canada,
335,Camerons Brewery Company,Cleveland,United Kingdom,
336,Canadian Brewery,Saskatchewan,Canada,
337,Cape Ann Brewing,Massachusetts,United States,
338,Capital Brewery,Wisconsin,United States,http://www.capital-brewery.com/
339,Capital City Brewing Company,District of Columbia,United States,http://www.capcitybrew.com
340,Capitol City Brewing #4,Virginia,United States,
341,Captain Lawrence Brewing Company,New York,United States,http://www.captainlawrencebrewing.com/
343,Carlow Brewing Company,,Ireland,http://www.carlowbrewing.com
344,Carlsberg Bryggerierne,,Denmark,
345,Carlsberg Sverige AB,,Sweden,
346,Carlton and United Breweries,Victoria,Australia,
347,Carlyle Brewing,Illinois,United States,
348,Carmel Brewing,California,United States,
349,Carolina Beer Company,North Carolina,United States,http://www.carolinabeer.com/
350,Carolina Brewery,North Carolina,United States,
351,Carver Brewing Co.,Colorado,United States,http://www.carverbrewing.com/_/home.htm
352,Castle Springs Brewery,New Hampshire,United States,
353,Cat's Paw Home Brew,,United States,
354,Catamount Brewing,Vermont,United States,
355,Cedar Brewing,Iowa,United States,
356,Celis Brewery,Texas,United States,
357,Central City Brewing Company,British Columbia,Canada,http://www.centralcitybrewing.com/
358,Central Waters Brewing Company,Wisconsin,United States,http://www.centralwaters.com/
359,Cervecera Centro Americana S.A.,,Guatemala,
360,Cervecera Cuauhtmoc-Moctezuma,Nuevo Leon,Mexico,http://www.ccm.com.mx/
361,Cervecera del Pacfico,Sinaloa,Mexico,
362,Cervecera Hondurea,,Honduras,
363,Cervecera Jerome,,Argentina,
364,Cervecera Nacional,,Panama,
365,Cerveceria Bucanero,,Cuba,
366,CervecerÃ­a La Constancia,,El Salvador,http://www.laconstancia.com/
367,Cervejaria de Macau,,Macao,
368,Cervejaria Kaiser Brasil,Paran,Brazil,
369,Cervejaria Sudbrack,Santa Catarina,Brazil,http://www.eisenbahn.com.br/
370,Cervezas Alhambra,,Spain,
371,Chama River Brewing,New Mexico,United States,
372,Charles Wells Ltd.,Bedford,United Kingdom,
373,Charlie and Jake's Brewery and BBQ,Florida,United States,
374,Chelsea Brewing Company,New York,United States,http://chelseabrewingco.com/
375,Cherryland Brewing,Wisconsin,United States,
376,Cheshire Cat Brewery,Colorado,United States,
377,Chicago Brewing,Nevada,United States,
378,Chimay (Abbaye Notre Dame de Scourmont),,Belgium,http://www.chimay.com
379,Cigar City Brewing,Florida,United States,http://cigarcitybeer.com/
380,Circle V Brewing,Indiana,United States,
381,"City Brewing Company, LLC",Wisconsin,United States,http://www.citybrewery.com/
382,CJ's Brewery & Grill,California,United States,
383,Cleveland ChopHouse and Brewery,Ohio,United States,
384,Climax Brewing Copmany,New Jersey,United States,http://www.climaxbrewing.com/
385,Clipper City Brewing Co.,Maryland,United States,http://www.ccbeer.com/
386,Clner Hofbrau Frh,Nordrhein-Westfalen,Germany,
387,Coach's Norman,Oklahoma,United States,
388,Coast Brewing,Mississippi,United States,
389,Coast Range Brewing,California,United States,
390,Coastal Fog Brewing,California,United States,
391,Coeur d'Alene Brewing Company,Idaho,United States,http://www.cdabrewing.com/
392,Cold Spring Brewing,Minnesota,United States,http://www.coldspringbrewery.com/
393,Columbia Bay Brewery Restaurant and Pub,Illinois,United States,
394,Commonwealth Brewing #1,Massachusetts,United States,
395,Coniston Brewing,Cumbria,United Kingdom,
396,Cooper's Cave Ale Company,New York,United States,http://www.cooperscaveale.com/
397,Coopers Brewery,South Australia,Australia,http://www.coopers.com.au/
398,Cooperstown Brewing Company,New York,United States,http://www.cooperstownbrewing.com/
399,Coors Brewing - Golden Brewery,Colorado,United States,http://www.coors.com
400,Copper Dragon Brewing,Illinois,United States,
401,Copper Eagle Brewing,Nebraska,United States,
402,Copper Kettle Brewery,Pennsylvania,United States,http://www.ckbrewery.com/
403,Corner Pub,Wisconsin,United States,
404,Coronado Brewing Company,California,United States,http://www.coronadobrewingcompany.com/
405,Costal Extreme Brewing Company,Rhode Island,United States,http://www.newportstorm.com/
406,Courage Brewery,North Yorkshire,United Kingdom,
407,Court Avenue Brewing,Iowa,United States,
408,Courthouse Pub,Wisconsin,United States,
409,Crabby Larry's Brewpub Steak & Crab House,Pennsylvania,United States,http://www.crabbylarrys.com/
410,Crabtree Brewery,Colorado,United States,http://www.crabtreebrewing.com
411,Craftsman Brewing,California,United States,
412,Crane River Brewpub and Cafe,Nebraska,United States,
413,Crescent City Brewhouse,Louisiana,United States,
414,Crested Butte Brewery &  Pub,Colorado,United States,
415,Cricket Hill,New Jersey,United States,http://www.crickethillbrewery.com
416,Crooked River Brewing,Ohio,United States,
417,Crooked Waters Brewing,Illinois,United States,
418,Cropton Brewery,North Yorkshire,United Kingdom,
1420,Devil's Canyon,CA,United States,
420,Cucapa Brewing Company,Baja,Mexico,http://www.cucapa.com/
421,Cugino Brewing Company,Illinois,United States,
422,Cumberland Brewery,Kentucky,United States,
423,D.L. Geary Brewing Company,Maine,United States,http://www.gearybrewing.com
424,Daas,,Belgium,http://www.daasbeer.com/
425,Daleside Brewery,North Yorkshire,United Kingdom,
426,Dark Horse Brewing Co.,Michigan,United States,http://www.darkhorsebrewery.com/
427,Day Brewing,Louisiana,United States,
428,de dochter van de korenaar,,Belgium,http://www.dedochtervandekorenaar.be
429,De Friese Bierbrouwerij Us Heit,,Netherlands,
430,De Halve Maan,West-Vlaanderen,Belgium,http://www.halvemaan.be/
431,De Leyerth Brouwerijen,West-Vlaanderen,Belgium,
432,De Proef Brouwerij,Oost-Vlaanderen,Belgium,
433,De Struise Brouwers,West-Vlaanderen,Belgium,http://www.struisebrouwers.be/
434,Deep Creek Brewing,Maryland,United States,
435,DeGroen's Grill,Maryland,United States,
436,Del Mar Stuft Pizza and Brewing,California,United States,
437,Delafield Brewhaus,Wisconsin,United States,
438,Dempsey's Restaurant & Brewery,California,United States,
439,Denmark Brewing,Wisconsin,United States,
440,Denver ChopHouse and Brewery,Colorado,United States,
441,Deschutes Brewery,Oregon,United States,http://www.deschutesbrewery.com/
442,Desnoes & Geddes Ltd,,Jamaica,
443,Devil Mountain Brewing,Ohio,United States,
444,Diamond Bear Brewing Co.,Arkansas,United States,http://www.diamondbear.com/
445,Diamond Knot Brewery & Alehouse,Washington,United States,http://www.diamondknot.com/
446,Diamondback Brewery,Ohio,United States,
447,Dick's Brewing,Washington,United States,
448,Diebels Privatbrauerei,Nordrhein-Westfalen,Germany,
449,Dieu du Ciel,Quebec,Canada,http://www.dieuduciel.com/
450,Dillon Dam Brewery,Colorado,United States,
451,Dinkelacker-Schwaben Bru,Baden-Wrttemberg,Germany,
452,Dirt Cheap Cigarettes and Beer,Missouri,United States,
453,Dix Barbecue & Brewery,British Columbia,Canada,
454,Dixie Brewing,Louisiana,United States,
455,Dixon's Downtown Grill,Colorado,United States,
456,Dock Street Beer,Pennsylvania,United States,http://www.dockstreetbeer.com
457,Dockside Brewing,British Columbia,Canada,
458,Doemens e.V.,Bayern,Germany,
459,Dogfish Head Craft Brewery,Delaware,United States,http://www.dogfish.com
460,Dortmunder Actien Brauerei  DAB,Nordrhein-Westfalen,Germany,
461,Dostal Alley,Colorado,United States,
462,Double Mountain Brewery & Taproom,Oregon,United States,http://www.doublemountainbrewery.com/
463,Dragonmead Microbrewery,Michigan,United States,
464,Drake's Brewing,California,United States,http://drinkdrakes.com/
465,Dreher Srgyrak Zrt.,,Hungary,
466,Dry Gulch Brewing,New Mexico,United States,
467,Dublin Brewing,,Ireland,
468,Dubuque Brewing and Bottling,Iowa,United States,
469,Duck-Rabbit Craft Brewery,North Carolina,United States,http://www.duckrabbitbrewery.com/
470,DuClaw,Maryland,United States,http://www.duclaw.com/
471,Dunedin Brewery,,United States,http://www.dunedinbrewery.com
472,Duneland Brewhouse Pub and Restaurant,Indiana,United States,
473,Duvel Moortgat,Antwerpen,Belgium,
474,Dux de Lux,,New Zealand,http://www.thedux.co.nz/
475,Eagle Brewing,Washington,United States,
476,East End Brewing Company,Pennsylvania,United States,http://www.eastendbrewing.com/
477,Eastern Shore Brewing,Maryland,United States,http://www.easternshorebrewing.com/
478,Eddie McStiff's Brewpub,Utah,United States,
479,Edelweissbrauerei Farny,Baden-Wrttemberg,Germany,
480,Eder & Heylands,Bavaria,Germany,http://www.eder-heylands.de
481,Eel River Brewing,California,United States,http://eelriverbrewing.com/
482,Efes Moscow Brewery,Moskva,Russia,
483,Egan Brewing,Wisconsin,United States,
484,Einbecker Brauhaus AG,Niedersachsen,Germany,
485,EJ Phair Brewing Company and Alehouse,California,United States,
486,el ahram company,,Egypt,
487,El Toro Brewing Company,California,United States,http://www.eltorobrewing.com/
488,"Eldridge, Pope and Co.",Dorset,United Kingdom,
489,Elgood & Sons,Cambridge,United Kingdom,
490,Elk Creek Cafe and Aleworks,Pennsylvania,United States,http://www.elkcreekcafe.net/
491,Elk Grove Brewery & Restaurant,California,United States,
492,Ellersick Brewing Big E Ales,Washington,United States,http://www.ellersickbrewing.com/
493,Ellicott Mills Brewing,Maryland,United States,http://www.ellicottmillsbrewing.com
494,Elliott Bay Brewery and Pub,Washington,United States,
495,Elm City Brewing Co,New Hampshire,United States,http://www.elmcitybrewing.com/
496,Elysian Brewery & Public House,Washington,United States,http://www.elysianbrewing.com/
497,Elysian Brewing - TangleTown,Washington,United States,
498,Emerson Brewing,,New Zealand,
499,Emery Pub,California,United States,
500,Emmett's Tavern and Brewery,Illinois,United States,
501,Empyrean Brewing Company,Nebraska,United States,
502,EndeHouse Brewery and Restaurant,Wisconsin,United States,
503,Engel Brauerei Schwbisch Gmnd Lang,Baden-Wrttemberg,Germany,
504,Engine House #9,Washington,United States,
505,English Ales Brewery,California,United States,
506,Epic Brewing Company,,New Zealand,http://epicbeer.com/
507,Erie Brewing Company,Pennsylvania,United States,http://www.eriebrewingco.com
508,Esser's Cross Plains Brewery,Wisconsin,United States,http://www.essersbest.com/
509,Estes Park Brewery,Colorado,United States,http://www.epbrewery.net/
510,Etna Brewing,California,United States,
511,Ettaler Klosterbetriebe Abteilung Brauerei & Destillerie,Bayern,Germany,
512,F.X. Matt Brewing,New York,United States,http://www.saranac.com
513,Far West Ireland Brewing,Washington,United States,
514,Fauerbach Brewing Company,Wisconsin,United States,http://www.fauerbachbrewery.com/
515,Faultline Brewing #1,California,United States,
516,Faultline Brewing #2,California,United States,
517,Federation Brewery,Tyne and Wear,United Kingdom,
518,FeldschlÃ¶ÃŸchen AG,Sachsen,Germany,http://www.feldschloesschen.de
519,Felinfoel Brewery Co Ltd,Wales,United Kingdom,
520,Fifty Fifty Brewing Co.,California,United States,http://www.fiftyfiftybrewing.com/
521,Firehouse Brewery & Restaurant,Iowa,United States,
522,Firehouse Brewing,South Dakota,United States,
523,Firehouse Grill & Brewery,California,United States,
524,Firestone Walker Brewing Company,California,United States,http://www.firestonewalker.com/
525,First Coast Brewing,North Carolina,United States,
526,Fish Brewing Company & Fish Tail Brewpub,Washington,United States,http://www.fishbrewing.com/
527,"Fitger's Brewhouse, Brewery and Grill",Minnesota,United States,
528,Fitzpatrick's Brewing,Iowa,United States,
529,Flagstaff Brewing,Arizona,United States,
530,Flat Branch Pub & Brewing,Missouri,United States,http://www.flatbranch.com
531,Flat Earth Brewing Company,Minnesota,United States,http://flatearthbrewing.com/
532,Flatlander's Restaurant & Brewery,Illinois,United States,
534,Flensburger Brauerei,Schleswig-Holstein,Germany,http://www.flens.co.uk/
535,Florida Beer Company,Florida,United States,http://www.floridabeer.com/
536,Flossmoor Station Brewery,Illinois,United States,
537,Flour City Brewing,New York,United States,
538,Flyers Restraunt and Brewery,Washington,United States,http://www.eatatflyers.com/
539,Flying Bison Brewing,New York,United States,http://www.flyingbisonbrewing.com
540,Flying Dog Brewery,Colorado,United States,http://www.flyingdogales.com/
541,Flying Fish Brewing Company,New Jersey,United States,http://www.flyingfish.com/
542,Folx-les-Caves,Brabant Wallon,Belgium,
543,Foothills Brewing Company,North Carolina,United States,http://www.foothillsbrewing.com/
544,Fordham Brewing,Maryland,United States,http://www.ramsheadtavern.com/
545,Fort Collins Brewery,Colorado,United States,http://www.fortcollinsbrewery.com
546,Foster's Australia Ltd.,,Australia,http://www.fostersbeer.com/
547,Fosters Tien Gang,,Viet Nam,
548,Founder's Restaurant & Brewing,Virginia,United States,
549,Founders Brewing,Michigan,United States,http://www.foundersbrewing.com/
550,Founders Hill Brewing,Illinois,United States,
551,Four Peaks Brewing,Arizona,United States,http://www.fourpeaks.com/
552,Fox River Brewing #1,Wisconsin,United States,
553,Fratellos Restaurant and Brewery,Wisconsin,United States,
554,Frederic Robinson Ltd.,Cheshire,United Kingdom,
555,Frederick Brewing,Maryland,United States,
556,Free State Brewing,Kansas,United States,http://freestatebrewing.com/
557,Freeminer Brewery,Gloucestershire,United Kingdom,
558,Friesisches Brauhaus zu Jever,Niedersachsen,Germany,
559,Front Street Brewery,Iowa,United States,
560,Frontwaters Restaurant and Brewing,Ohio,United States,
561,Frstliche Brauerei Thurn Und Taxis Regensburg,Bayern,Germany,
562,Full Sail Brewing #1,Oregon,United States,
563,"Fuller, Smith & Turner PBC",London,United Kingdom,http://www.fullers.co.uk/
564,FÃ¼rstlich FÃ¼rstenbergische Brauerei,Baden-Wrttemberg,Germany,
565,G. Heileman Brewing,Wisconsin,United States,
566,Gaslight Brewery,New Jersey,United States,
567,Gasthaus & Gosebrauerei Bayerischer Bahnhof,Sachsen,Germany,
568,Gasthaus-Brauerei Max & Moritz,Baden-Wrttemberg,Germany,
569,Gasthof-Brauerei zum Frohsinn,,Switzerland,
570,Gatz Brauhaus,Nordrhein-Westfalen,Germany,
571,George Bateman and Son Ltd.,Lincoln,United Kingdom,
572,George Gale & Company,Hampshire,United Kingdom,
573,Gilde Brauerei,Niedersachsen,Germany,
574,Glacial Lakes Brewing,Minnesota,United States,
575,Glacier Brewhouse,Alaska,United States,http://www.glacierbrewhouse.com/
576,Glen Ellyn Sports Brew,Illinois,United States,
577,Glenwood Canyon Brewing Company,Colorado,United States,
578,Gold Coast Brewery,Queensland,Australia,
579,Gold Crown Brewing,Ontario,Canada,
580,Golden City Brewery,Colorado,United States,
581,Golden Gate Park Brewery,California,United States,
582,Golden Pacific Brewing,California,United States,
583,Golden Prairie Brewing,Illinois,United States,
584,Golden Valley Brewery and Pub,Oregon,United States,http://www.goldenvalleybrewery.com/
585,Goose Island Beer Company - Clybourn,Illinois,United States,
586,Goose Island Beer Company - Fulton Street,Illinois,United States,
587,Gordash Brewing Company,Florida,United States,http://holymackerelbeers.com/
588,Gordon Biersch Brewing,California,United States,http://www.gordonbiersch.com/brewery
589,Gore Range Brewery,Colorado,United States,
590,Gottberg Brew Pub,Nebraska,United States,
591,Govnor's Public House,Illinois,United States,
592,Grand Lake Brewing,Colorado,United States,
593,Grand Teton Brewing #1,Wyoming,United States,
594,Grand Teton Brewing #2,Idaho,United States,http://www.grandtetonbrewing.com/
595,Granite City Food & Brewery - Omaha,Nebraska,United States,
596,Granite City Food & Brewery - Saint Cloud,Minnesota,United States,
597,Granville Island Brewing,British Columbia,Canada,
598,Granville Island Brewing Company,British Columbia,Canada,
599,Gray Brewing,Wisconsin,United States,
600,Great Basin Brewing Company,Nevada,United States,http://greatbasinbrewingco.com
601,Great Bear Brewing,Alaska,United States,
602,Great Dane Pub and Brewing #1,Wisconsin,United States,
603,Great Dane Pub and Brewing #2,Wisconsin,United States,
604,Great Divide Brewing,Colorado,United States,http://www.greatdivide.com/
605,Great Lakes Brewing,Ohio,United States,http://www.greatlakesbrewing.com
606,Great Northern Tavern and Brewery,Colorado,United States,
607,Great Waters Brewing Company,Minnesota,United States,
608,Green Bay Brewing,Wisconsin,United States,
609,Green Flash Brewing,California,United States,http://www.greenflashbrew.com
610,Green Mill Brewing - Saint Paul,Minnesota,United States,
611,Green Mountain Beverage,Vermont,United States,http://www.gmbeverage.com/
612,Greene King,Suffolk,United Kingdom,
613,Greenshields Brewery and Pub,North Carolina,United States,
614,Grizzly Bay Brewing,California,United States,
615,Grizzly Peak Brewing,Michigan,United States,
616,Grolsche Bierbrouwerij,Overijssel,Netherlands,http://www.grolsch.com
617,Grumpy Troll Restaurant and Brewery,Wisconsin,United States,
618,Grupo Modelo,,Mexico,http://www.gmodelo.com.mx/
619,Gulpener Bierbrouwerij,,Netherlands,
620,Haarlems Biergenootschap Jopen,,Netherlands,
621,Hacker-Pschorr Bru,Bayern,Germany,
622,Hair of the Dog Brewing,Oregon,United States,
623,Hale's Ales #3,Washington,United States,
624,Half Moon Bay Brewing,California,United States,
625,Ham's Restaurant and Brewhouse,North Carolina,United States,
626,Hambleton Ales,North Yorkshire,United Kingdom,
627,Hampshire Brewery,Hampshire,United Kingdom,
628,Hannen Brauerei,Nordrhein-Westfalen,Germany,
629,Hansa Bryggeri,,Norway,
630,Hanssens Artisanal,Vlaams Brabant,Belgium,
631,Hapa*s Brew Haus and Restaurant,Hawaii,United States,
632,Harbor City Brewing,Wisconsin,United States,
633,Harmon Brewing Company,Washington,United States,http://harmon.harmonbrewingco.com/
634,Harpoon Brewery - Boston,Massachusetts,United States,http://www.harpoonbrewery.com
635,Harpoon Brewery - Windsor,Vermont,United States,http://www.harpoonbrewery.com/
636,Harvest Moon Brewery / Cafe,New Jersey,United States,
637,Harvey & Son (Lewes),East Sussex,United Kingdom,
638,Harviestoun Brewery,Scotland,United Kingdom,
639,Hasserder Brauerei,Sachsen-Anhalt,Germany,
640,Hausbrauerei Zum Schlssel,Nordrhein-Westfalen,Germany,
641,Hawks Brewing,Oregon,United States,
642,HC Berger Brewing,Colorado,United States,
643,Heartland Brewery Union Square,New York,United States,http://www.heartlandbrewery.com/
644,Heavenly Daze Brewery and Grill,Colorado,United States,
645,Heavyweight Brewing,New Jersey,United States,
646,Heineken HungÃ¡ria,,Hungary,http://www.heinekenhungaria.hu/
647,Heineken International,,Netherlands,http://www.heineken.com/
648,Heineken Ireland,,Ireland,
649,Heineken Switzerland,,Switzerland,
650,Heller Bru Trum,Bayern,Germany,
651,Hereford & Hops Restaurant and Brewpub #1,Michigan,United States,
652,Hereford & Hops Steakhouse and Brewpub #3,Wisconsin,United States,
653,Herkimer Pub & Brewery,Minnesota,United States,
654,Hida Takayama Brewing Agricultural Company,Chubu,Japan,
655,High Desert Brewing Co.,New Mexico,United States,http://www.highdesertbrewingco.com/
656,High Falls Brewing,New York,United States,
657,High Point Wheat Beer Company,New Jersey,United States,http://www.ramsteinbeer.com/
658,Highland Brewing Company,North Carolina,United States,http://www.highlandbrewing.com/
659,Hirschbru Privatbrauerei Hss,Bayern,Germany,
660,Hite Brewery,,"Korea, Republic of",
661,Hochstiftliches Brauhaus in Bayern,Bayern,Germany,
662,Hoepfner Privatbrauerei,Baden-Wrttemberg,Germany,
663,Hofbru Kaltenhausen Salzachtal,,Austria,
664,Hofbruhaus Traunstein,Bayern,Germany,
665,Hoffbrau Steaks Brewery #1,Texas,United States,
666,Hoffbrau Steaks Brewery #2,Texas,United States,
667,Hofmark Brauerei,Bayern,Germany,
668,Holsten-Brauerei,Hamburg,Germany,
669,Hook & Ladder Brewing Company,Maryland,United States,http://www.hookandladderbeer.com
670,Hook Norton Brewery,Oxford,United Kingdom,
671,Hop Back Brewery,Wiltshire,United Kingdom,
672,Hoppers Seafood & Grill,Utah,United States,
673,Hoppin Frog Brewery,Ohio,United States,http://www.hoppinfrog.com/
674,Hoppy Brewing Company,California,United States,http://www.hoppy.com
675,Hops Grillhouse & Brewery - Cherry Creek,Colorado,United States,
676,Hops Haven Brew Haus,Wisconsin,United States,
677,HopTown Brewing,California,United States,
678,Hopworks Urban Brewery,Oregon,United States,http://hopworksbeer.com/
679,Hornsby's Pubdrafts Ltd.,California,United States,
680,HP Bulmer,Hereford and Worcester,United Kingdom,
681,Htt-Brauerei Bettenhuser,Hessen,Germany,
682,Hubcap Brewery and Kitchen,Colorado,United States,
683,Hudepohl-Schoenling Brewing,Ohio,United States,
684,Hue Brewery,,Viet Nam,
1419,Uehara Shuzou Co. Ltd. / Echigo Beer Pub,,Japan,http://www.echigo-beer.jp/
686,Humboldt Brewing,California,United States,http://www.humboldtbrews.com/
687,ICOBES b.v.b.a.,Oost-Vlaanderen,Belgium,
688,Idaho Brewing,Idaho,United States,
689,Illinois Brewing,Illinois,United States,
690,InBev,,Belgium,http://www.inbev.com
691,Independence Brew Pub,Pennsylvania,United States,http://www.independencebrewpub.com/
692,Independence Brewing Co,Texas,United States,http://www.independencebrewing.com/
693,Indian Wells Brewing,California,United States,
694,Industrias La Constancia ILC,,El Salvador,
695,Industrija Piva I Sokova Trebjesa,,Serbia and Montenegro,
696,Inveralmond Brewery,Scotland,United Kingdom,
697,Irish Brewing Company,,Ireland,
698,Iron City Brewing Co.,Pennsylvania,United States,http://www.ironcitybrewingcompany.com/Default.aspx
699,Iron Hill Brewery - Newark,Delaware,United States,
700,Iron Hill Brewery - Wilmingon,Delaware,United States,http://www.ironhillbrewery.com/
701,Iron Springs Pub & Brewery,California,United States,
702,Island Brewing Company,California,United States,
703,Isle of Skye Brewing Company,Scotland,United Kingdom,
704,Issaquah Brewhouse,Washington,United States,
705,Ithaca Beer Company,New York,United States,
706,Jack Russell Brewing,California,United States,
707,Jack's Brewing,California,United States,
708,Jacob Leinenkugel Brewing Company,Wisconsin,United States,http://www.leinie.com/welcome.html
709,Jaipur Restaurant and Brewpub,Nebraska,United States,
710,James Page Brewing,Minnesota,United States,
711,Jarre Creek Ranch Brewing,Colorado,United States,
712,Jasper Ridge Brewery,Michigan,United States,
713,Jennings Brewery,Cumbria,United Kingdom,http://www.jenningsbrewery.co.uk/
714,Jever Brewery,,Germany,http://www.jever.de/
715,Jinro Coors Brewing,,"Korea, Republic of",
716,JJ Bitting Brewing,New Jersey,United States,
717,Jobber's Canyon Restaurant & Brewery,Nebraska,United States,
718,JoBoy's Brew Pub,Pennsylvania,United States,http://www.joboysbrewpub.com/
719,John Harvard's Brew House - Framingham,Massachusetts,United States,
720,John Harvard's Brew House - Harvard Square,Massachusetts,United States,
721,John Harvard's Brewhouse - Wilmington,Delaware,United States,
722,John Martin sa,,Belgium,http://www.anthonymartin.be/
723,Jolly Pumpkin Artisan Ales,Michigan,United States,http://www.jollypumpkin.com
724,Joshua Huddy's Brew Pub and Grill,New Jersey,United States,
725,JT Whitney's Brewpub and Eatery,Wisconsin,United States,
726,Jurupa Valley Brewing,California,United States,
727,JW Lees and Co (Brewers) Ltd.,Manchester,United Kingdom,
728,Kaiser-Bru,Bayern,Germany,
729,Kaiserdom Privatbrauerei Bamberg,Bayern,Germany,
730,Kalamazoo Brewing,Michigan,United States,
731,Karl Strauss Brewery Gardens - Sorrento Mesa,California,United States,
732,Karlovacka Pivovara,,Croatia,
733,Keesmann Bru,Bayern,Germany,
734,Keg Microbrewery & Restaurant,Wisconsin,United States,
735,Keihan Uji Kotsu,Kinki,Japan,
736,Kelmer's Brewhouse,California,United States,
737,Kentucky Hemp Beer Company,Kentucky,United States,
738,Kenya Breweries,,Kenya,
739,Kessler Brewing,Montana,United States,
740,King and Barnes,West Sussex,United Kingdom,
741,"Kirin Brewery Company, Ltd",,Japan,http://www.kirin.com/
742,Kiuchi Shuzou Goushi Kaisya,Kanto,Japan,
743,Kleinbrouwerij de Glazen Toren,Oost-Vlaanderen,Belgium,
744,Klosterbrauerei Neuzelle,Brandenburg,Germany,
745,Klosterbrauerei Weltenburg,Bayern,Germany,http://www.weltenburger.de/
746,Klosterbru Bamberg,Bayern,Germany,
747,Knig Brauerei,Nordrhein-Westfalen,Germany,
748,Knig Ludwig Schlobrauerei Kaltenberg,Bayern,Germany,
749,Knigsbacher Brauerei,Rheinland-Pfalz,Germany,
750,Knigsegger WalderBru,Baden-Wrttemberg,Germany,
751,Kona Brewing,Hawaii,United States,http://www.konabrewingco.com
752,KÃ¶stritzer Schwarzbierbrauerei,ThÃ¼ringen,Germany,
753,KrÃ¡lovskÃ½ pivovar KruÅ¡ovice,,Czech Republic,http://www.krusovice.cz/
754,Krogh's Restaurant and Brewpub,New Jersey,United States,
755,Kross Brewing,Vermont,United States,
756,Kuhnhenn Brewing,Michigan,United States,http://www.kbrewery.com/
757,Kulmbacher Brauerei AG,Bayern,Germany,
758,Kulmbacher Mnchshof Bru,Bayern,Germany,
759,La Jolla Brew House,California,United States,
760,La Jolla Brewing,California,United States,
761,Labatt / Keith's Brewery / Oland Breweries,Nova Scotia,Canada,
762,Labatt Ontario Breweries,Ontario,Canada,
763,LaConner Brewing,Washington,United States,http://www.insidelaconner.com/
764,Lafayette Brewing,Indiana,United States,
765,Lagunitas Brewing Company,California,United States,http://www.lagunitas.com/
766,Lake Louie Brewing,Wisconsin,United States,
767,Lake Placid Pub & Brewery,New York,United States,http://www.ubuale.com/
768,Lake Superior Brewing,Minnesota,United States,
769,Lakefront Brewery,Wisconsin,United States,http://www.lakefrontbrewery.com/index.html
770,Lammin Sahti Oy,,Finland,
771,Lancaster Brewing Co.,Pennsylvania,United States,http://www.lancasterbrewing.com/index.html
772,Lanchester Brewing,Durham,United Kingdom,
773,Lang Creek Brewry,Montana,United States,http://langcreekbrewery.com/
774,Latrobe Brewing,Pennsylvania,United States,
775,Laughing Dog Brewing,Idaho,United States,http://www.laughingdogbrewing.com/
776,Lazy Magnolia Brewing Company,Mississippi,United States,http://www.lazymagnolia.com/
777,Le Cheval Blanc,Quebec,Canada,
778,Left Coast Brewing,California,United States,
779,Left Hand Brewing Company,Colorado,United States,http://www.lefthandbrewing.com/
780,Legacy Brewing Co.,Pennsylvania,United States,http://www.legacybrewing.com
781,Legends Brewhouse & Eatery of Green Bay,Wisconsin,United States,
782,Leinenkugel's Ballyard Brewery,Arizona,United States,
783,Lewis & Clark Brewing Company,Montana,United States,http://lewisandclarkbrewing.com/
784,Liberty Steakhouse and Brewery,South Carolina,United States,http://www.libertysteakhouseandbrewery.com/
785,Licher Privatbrauerei,Hessen,Germany,
786,Liefmans Breweries,West-Vlaanderen,Belgium,
787,Lift Bridge Brewery,Minnesota,United States,http://www.liftbridgebrewery.com/
788,Lighthouse Brewing,British Columbia,Canada,
789,Lightning Boy Brewery,Montana,United States,
790,Limburg Beer Company,,New Zealand,
791,Lion Brewery Ceylon Ltd.,,Sri Lanka,http://www.lionbeer.com/
792,Lion Brewery Inc.,Pennsylvania,United States,http://www.lionbrewery.com/
793,Lion Nathan Australia  Hunter Street,New South Wales,Australia,
794,Listermann Brewing Company,Ohio,United States,http://www.listermann.com/
795,Little Apple Brewing,Kansas,United States,
796,Little Creatures Brewery,WA,Australia,http://www.littlecreatures.com.au/
797,Live Oak Brewing,Texas,United States,http://www.liveoakbrewing.com/
798,Loaf and Stein Brewing,Wisconsin,United States,
799,Lobkowiczk Pivovar Vysok Chlumec,,Czech Republic,
800,Logjam Microbrewery,Wisconsin,United States,http://www.logjambeer.com/
801,Long Trail Brewing Co,Vermont,United States,http://www.longtrail.com/
802,Long Valley Pub & Brewery,New Jersey,United States,
803,Lost Coast Brewery,California,United States,http://www.lostcoast.com/
804,LÃ¶wenbrÃ¤u Brauerei,Bayern,Germany,
805,Lwenbru Munich,Ontario,Canada,
806,Lwenbru Zrich,,Switzerland,
807,Maclay and Co.,Scotland,United Kingdom,
808,Mad Anthony Brewing,Indiana,United States,
809,Mad Crab Restaurant and Brewery,Ohio,United States,
810,Mad River Brewing,California,United States,
811,Mad River Brewing Company,California,United States,http://www.madriverbrewing.com/
812,Magic Hat,Vermont,United States,http://www.magichat.net/
813,Magnolia Pub and Brewery,California,United States,http://www.magnoliapub.com/
814,Main Street Alehouse,Oregon,United States,
815,Main Street Beer Company #1,Virginia,United States,
816,Main Street Brewery,California,United States,
817,Main Street Brewing,Texas,United States,
818,"Main Street Station Casino, Brewery and Hotel",Nevada,United States,
819,Maisel Bru,Bayern,Germany,
820,Malt Shovel Brewery,New South Wales,Australia,http://www.maltshovel.com.au/
821,Mambo Beer,Wisconsin,United States,
822,Mammoth Brewing,California,United States,
823,Manayunk Brewery and Restaurant,Pennsylvania,United States,http://www.manayunkbrewery.com/
824,Manhattan Beach Brewing,California,United States,
825,Marble Brewery,New Mexico,United States,http://marblebrewery.com/
826,Margaritaville Brewing Company,Florida,United States,http://www.landsharklager.com/
827,Marin Brewing,California,United States,
828,Marine Pub & Brewhouse,British Columbia,Canada,
829,Maritime Pacific Brewing,Washington,United States,
830,Marquette Harbor Brewery and Restaurant,Michigan,United States,
831,Marshall Brewing Company,Oklahoma,United States,http://marshallbrewing.com
832,Martini-Brauerei,Hessen,Germany,
833,Marzoni's Brick Oven & Brewing Co,Pennsylvania,United States,http://www.marzonis.com/
834,Mash House Restaurant and Brewery,North Carolina,United States,
835,Matilda Bay Brewing,Western Australia,Australia,
836,Maui Brewing Co.,Hawaii,United States,http://mauibrewingco.com/
837,Maumee Bay Brewing,Ohio,United States,
838,McCashin's Brewery & Malthouse,,New Zealand,
839,McCoy's Public House and Brewkitchen,Missouri,United States,
840,McGuire's Irish Pub and Brewery - Pensacola,Florida,United States,
841,McKenzie Brew House,Pennsylvania,United States,http://www.mckenziebrewhouse.com
842,McMenamins Mill Creek,Washington,United States,
843,McMullen & Sons,Hertfordshire,United Kingdom,
844,Meantime Brewing Company Limited,London,United Kingdom,http://www.meantimebrewing.com/
845,Meckatzer Lwenbru,Bayern,Germany,
846,Mehana Brewing,Hawaii,United States,
847,Mendocino Brewing - Hopland,California,United States,
848,Mendocino Brewing - Saratoga Springs,New York,United States,http://www.mendobrew.com/
849,Mendocino Brewing - Ukiah,California,United States,
850,Mercury Brewing Company,Massachusetts,United States,http://www.mercurybrewing.com
851,Metropolitan Brewing,Illinois,United States,http://www.metrobrewing.com/
852,Mia and Pia's Pizzeria and Brewhouse,Oregon,United States,
853,Michigan Brewing,Michigan,United States,http://www.michiganbrewing.com/
854,Mickey Finn's Brewery,Illinois,United States,
855,Mickey's Brewing Co.,Wisconsin,United States,http://www.mickeys.com
856,Microbrouwerij Achilles,Antwerpen,Belgium,
857,Middle Ages Brewing,New York,United States,http://www.middleagesbrewing.com/
858,Midnight Sun Brewing Co.,Alaska,United States,http://www.midnightsunbrewing.com/
859,Mikkeller,,Denmark,http://www.mikkeller.dk/
860,Milagro Brewery and Grill,New Mexico,United States,
861,Mill Creek Brewpub,Washington,United States,
862,Mill Steakhouse,Colorado,United States,
863,Miller Brewing,Wisconsin,United States,http://www.millerbrewing.com
864,Millrose Brewing,Illinois,United States,
865,Millstream Brewing,Iowa,United States,
866,Milly's Tavern,New Hampshire,United States,
867,Milwaukee Ale House,Wisconsin,United States,
868,Minhas Craft Brewery,Wisconsin,United States,
869,Minneapolis Town Hall Brewery,Minnesota,United States,http://www.townhallbrewery.com/
870,Minnesota Brewing,Minnesota,United States,
871,Minocqua Brewing Company,Wisconsin,United States,http://www.minocquabrewingcompany.com
872,Mishawaka Brewing,Indiana,United States,
873,Mission Springs Brewing,British Columbia,Canada,
874,Mississippi Brewing Co.,New York,United States,
875,Moab Brewery,Utah,United States,
876,Mogollon Brewing Company,Arizona,United States,http://www.mogbrew.com/
877,Mohrenbrauerei August Huber,,Austria,
878,Molson Breweries of Canada,Ontario,Canada,
879,Montana Brewing,Montana,United States,
880,Monte Carlo Casino and Brewpub,Nevada,United States,
881,Monteith's Brewing Co.,,New Zealand,http://www.monteiths.com/nz/
882,Moon River Brewing Company,Georgia,United States,http://www.moonriverbrewing.com/
883,Moonlight Brewing,California,United States,
884,Moorhouse's Brewery (Burnley),Lancashire,United Kingdom,
885,Moose's Tooth Pub and Pizzeria,Alaska,United States,http://www.moosestooth.net/
886,Moosehead Breweries,New Brunswick,Canada,
887,Moosehead Breweries Ltd.,New Brunswick,Canada,http://www.moosehead.ca/
888,Moosejaw Pizza & Dells Brewing Company,Wisconsin,United States,
889,Mordue Brewery,Tyne and Wear,United Kingdom,
890,Morland and Co.,Oxford,United Kingdom,
891,Mountain Sun Pub & Brewery,Colorado,United States,
892,Moylan's Brewery & Restaurant,California,United States,http://www.moylans.com/
893,moylans Brewing company,California,United States,http://www.moylans.com/
894,Mudshark Brewing,Arizona,United States,http://www.mudsharkbrewingco.com/
895,Murphy's Wagon Wheel,Nebraska,United States,
896,Mussel Inn,,New Zealand,
897,Myanmar Brewery and Distillery,,Myanmar,
898,Mythos Breweries S.A.,Sindos,Greece,http://www.mythosbrewery.gr/
899,Namaqua Brewing,Colorado,United States,
900,Namibia Breweries,,Namibia,
901,Nebraska Brewing Company,Nebraska,United States,
902,Nelson Brewing,British Columbia,Canada,
903,Nethergate Brewery Co Ltd,Essex,United Kingdom,
904,New Albanian Brewing,Indiana,United States,http://www.newalbanian.com
905,New Belgium Brewing,Colorado,United States,http://www.newbelgium.com/
906,New Century Brewing Company,Massachusetts,United States,
907,New Glarus Brewing Company,Wisconsin,United States,http://www.newglarusbrewing.com/
908,New Holland Brewing Company,Michigan,United States,http://newhollandbrew.com
909,New River Brewing,Georgia,United States,
910,New Road Brewhouse,Pennsylvania,United States,
911,New Zealand Breweries Limited,,New Zealand,http://www.steinlager.co.nz/
912,Niagara Falls Brewing,Ontario,Canada,
913,Nicolet Brewing,Wisconsin,United States,
914,Nikenjayamochi Kadoya Honten Co.,,Japan,
915,Ninkasi Brewing,Oregon,United States,http://www.ninkasibrewing.com/
916,Nodding Head Brewpub,Pennsylvania,United States,http://www.noddinghead.com/
917,Nor'Wester Brewery and Public House,Oregon,United States,
918,Nordsj Grdsbryggeri,,Sweden,
919,North Coast Brewing Company,California,United States,http://www.northcoastbrewing.com/home.htm
920,North Country Brewery,Pennsylvania,United States,http://www.northcountrybrewing.com
921,Northwest Brewwrks,Washington,United States,
922,Northwoods Brewpub Grill,Wisconsin,United States,
923,NÃ¸gne Ã˜ - Det KompromisslÃ¸se Bryggeri A/S,Lunde,Norway,http://nogne-o.com/
924,O'Fallon Brewery,Missouri,United States,
925,O'Gara's Bar & Grill,Minnesota,United States,
926,O'Grady's Brewery and Pub #1,Illinois,United States,
927,O'Hanlon's Brewing Company Ltd.,Devon,United Kingdom,
928,O'Hara's Brewpub and Restaurant,Minnesota,United States,
929,Oak Creek Brewery,Arizona,United States,http://oakcreekbrew.com/
930,Oaken Barrel Brewing,Indiana,United States,http://www.oakenbarrel.com/
931,Oakham Ales,Cambridge,United Kingdom,
932,Oasis Brewery and Restaurant,Colorado,United States,
933,Oasis Brewery Annex,Colorado,United States,
934,Oconomowoc Brewing,Wisconsin,United States,
935,Odell Brewing,Colorado,United States,
936,Oggi's Pizza and Brewing - Vista,California,United States,
937,Ohio Brewing,Ohio,United States,
938,Okanagan Spring Brewery,British Columbia,Canada,
939,Old City Brewing,Texas,United States,
940,Old Dominion Brewing Co.,Delaware,United States,http://www.olddominion.com/
941,Old Hat Brewery,Michigan,United States,
942,Olde Main Brewing,Iowa,United States,
943,Olde Peninsula Brewpub and Restaurant,Michigan,United States,
944,Oldenberg Brewery,Kentucky,United States,
945,On Tap Bistro & Brewery,California,United States,
946,Onion Pub & Brewery,Illinois,United States,
947,Onopa Brewing,Wisconsin,United States,
948,Orchard Street Brewery,Washington,United States,
949,Oregon Trader Brewing,Oregon,United States,
950,Oregon Trail Brewery,Oregon,United States,
951,Oriental Brewery,,"Korea, Republic of",
952,Original Basil T's,New Jersey,United States,
953,Orkney Brewery,Scotland,United Kingdom,http://www.orkneybrewery.co.uk/
954,Orlando Brewing,Florida,United States,http://www.orlandobrewing.com
955,Orlio Organic,Vermont,United States,http://www.orlio.net/
956,Oskar Blues Grill and Brew,Colorado,United States,http://www.oskarblues.com/
957,Ostankinskij Pivovarennij Zavod,Moskva,Russia,
958,Ottakringer Brauerei AG,,Austria,http://www.ottakringer.at/
959,Otter Creek Brewing & Wolaver's Organic Ales,Vermont,United States,http://www.ottercreekbrewing.com/
960,Otto's Pub and Brewery,Pennsylvania,United States,http://www.ottospubandbrewery.com/index.php
961,Oy Sinebrychoff AB,,Finland,
962,Oyster Bar Bistro and Brewery,Indiana,United States,
963,Pabst Brewing Company,Texas,United States,http://www.pabst.com/
964,Pacific Beach Brewhouse,California,United States,
965,Pacific Coast Brewing,California,United States,
966,Pacific Rim Brewing,Washington,United States,
967,Palm Breweries,Brabant,Belgium,http://www.palmbreweries.com/
968,Palmetto Brewing,South Carolina,United States,
969,Panther Brewing Company,New York,United States,
970,Paper City Brewing Company,Massachusetts,United States,
971,Park City Brewing,Utah,United States,
972,Paulaner,,Germany,http://www.paulaner.com/
973,Pearl Street Brewery,Wisconsin,United States,
974,Pelican Pub & Brewery,Oregon,United States,http://www.pelicanbrewery.com/
975,Penn Brewery,Pennsylvania,United States,http://www.pennbrew.com/
976,Pennichuck Brewing Company,New Hampshire,United States,http://www.pennichuckbrewing.com/
977,Pennsylvania Brewing,Pennsylvania,United States,
978,Pete's Brewing,Texas,United States,http://www.peteswicked.com/
979,Pete's Place,Oklahoma,United States,
980,PH Woods Diner and Brewery,California,United States,
981,Philadelphia Brewing Co,Pennsylvania,United States,http://philadelphiabrewing.com/index.htm
982,Phoenix Beverages Ltd,Phoenix,Mauritius,http://www.phoenixbeveragesgroup.com/
983,Piece,Illinois,United States,
984,Pike Pub and Brewery,Washington,United States,
985,Pinehurst Village Brewery,North Carolina,United States,
986,Pinnacle Peak Patio Steakhouse & Microbrewery,Arizona,United States,
987,Pint's Pub Brewery and Freehouse,Colorado,United States,
988,Pivara Skopje,,"Macedonia, the Former Yugoslav Republic of",http://www.pivaraskopje.com.mk/
989,Pivovar Herold Beznice,,Czech Republic,
990,Pivovar Hradec Krlov,,Czech Republic,
991,Pivovar Klter Hradit,,Czech Republic,
992,Pivovar Nchod,,Czech Republic,
993,Pivovar Pardubice a.s.,,Czech Republic,
994,Pivovar Podkov,,Czech Republic,
995,Pivovar Starobrno,,Czech Republic,
996,Pivovar v Hurbanove,,Slovakia,
997,Pivovar Velk Popovice,,Czech Republic,
998,Pivovary Staropramen,,Czech Republic,http://www.staropramen.com
999,Pivzavod Baltika /,Sankt-Peterburg,Russia,
1000,Pizza Beer,Illinois,United States,http://www.mammamiapizzabeer.com/
1001,Pizza Port Brewing - Solana Beach,California,United States,http://www.pizzaport.com
1002,Pizzeria Uno Chicago Grill & Brewery,New Jersey,United States,
1003,Platte Valley Brewing,Nebraska,United States,
1004,Pleasanton Main Street Brewery,California,United States,
1005,Plzesk Prazdroj,,Czech Republic,
1006,Plzesk Prazdroj Pivovar Radegast,,Czech Republic,
1007,Pokka Beer Works,Chubu,Japan,
1008,Pony Express Brewing,Kansas,United States,
1009,Port Brewing Company,California,United States,http://www.portbrewing.com/
1010,Port Washington Brewing,Wisconsin,United States,
1011,Porterhouse Restaurant and Brewpub,Pennsylvania,United States,
1012,Portland Brewing,Oregon,United States,
1013,Portsmouth Brewery,New Hampshire,United States,http://www.portsmouthbrewery.com/
1014,Prairie Rock Brewing - Elgin,Illinois,United States,
1015,Prescott Brewing Company,Arizona,United States,http://prescottbrewingcompany.com/
1016,Pripps Ringnes Bryggerier,,Sweden,
1017,Privat-Brauerei Schmucker Ober-Mossau KG,Hessen,Germany,
1018,Privatbrauerei Bolten,Nordrhein-Westfalen,Germany,
1019,Privatbrauerei Erdinger Weissbru,Bayern,Germany,
1020,Privatbrauerei Frankenheim,Nordrhein-Westfalen,Germany,
1021,Privatbrauerei Gaffel,Nordrhein-Westfalen,Germany,
1022,Privatbrauerei Hofmhl,Bayern,Germany,
1023,Private Weissbierbrauerei G. Schneider & Sohn GmbH,,Germany,http://www.schneider-weisse.de
1024,Privater Brauereigasthof Greifenklau,Bayern,Germany,
1025,Pug Ryan's Steakhouse and Brewery,Colorado,United States,
1026,Pugsley Brewing LLC,Maine,United States,
1027,Pumphouse Brewery & Restaurant,Colorado,United States,
1028,Pumphouse Pizza and Brewing,Wisconsin,United States,
1029,"Pyramid Alehouse, Brewery and Restaurant - Berkeley",California,United States,
1030,"Pyramid Alehouse, Brewery and Restaurant - Seattle",Washington,United States,
1031,Pyramid Ales Brewery,Washington,United States,http://www.pyramidbrew.com/
1032,Qingdao Brewery,Shandong,China,
1033,Quigleys,South Carolina,United States,
1034,R&B; Brewing,British Columbia,Canada,
1035,Raccoon Lodge and Brewpub / Cascade Brewing,Oregon,United States,http://www.raclodge.com/
1036,Raccoon River Brewing,Iowa,United States,
1037,Radeberger Exportbierbrauerei,Sachsen,Germany,
1038,Rahr & Sons Brewing Company,Texas,United States,http://www.rahrbrewery.com/
1039,Rail House Restaurant and Brewpub,Wisconsin,United States,
1040,Railway Brewing,Alaska,United States,
1041,Ramapo Valley Brewery,New York,United States,
1042,Randy's Fun Hunters Brewery Restaurant and Banquet Center,Wisconsin,United States,
1043,RCH Brewery,Somerset,United Kingdom,
1044,Real Ale Brewing Company,Texas,United States,http://www.realalebrewing.com/
1045,ReaperAle,California,United States,
1046,Red Kettle Brewing,California,United States,
1047,Red Lodge Ales,Montana,United States,
1048,Red Oak Brewery,North Carolina,United States,http://www.redoakbrewery.com
1049,Red Star Brewery & Grille,Pennsylvania,United States,http://www.redstarbrewery.com/
1050,RedFish New Orleans Brewhouse,Colorado,United States,
1051,Redhook Ale Brewery,Washington,United States,http://www.redhook.com/
1052,Remington Watson Smith Brewing,Wisconsin,United States,
1053,Restaurant Isarbru,Bayern,Germany,
1054,Revolution Brewing LLC,Illinois,United States,http://revbrew.com/
1055,Richbrau Brewing Company,Virginia,United States,http://www.richbrau.com/
1056,Ridgeway Brewing,Oxford,United Kingdom,
1057,Rio Salado Brewing,Arizona,United States,
1058,River Horse Brewing Company,New Jersey,United States,http://www.riverhorse.com
1059,River West Brewing,Illinois,United States,
1060,Rivers Effortless Dining,Utah,United States,
1061,Rivertowne Pour House,Pennsylvania,United States,http://www.myrivertowne.com/
1062,Rock Art Brewery,Vermont,United States,http://www.rockartbrewery.com/
1063,Rock Bottom Restaurant & Brewery - Chicago,Illinois,United States,
1064,Rock Bottom Restaurant & Brewery - Denver,Colorado,United States,
1065,Rock Bottom Restaurant & Brewery - Milwaukee,Wisconsin,United States,
1066,Rock Bottom Restaurant & Brewery - Minneapolis,Minnesota,United States,
1067,Rock Bottom Restaurant & Brewery - San Jose,California,United States,
1068,Rock Bottom Restaurant & Brewery - South Denver,Colorado,United States,
1069,Rocky River Brewing,Ohio,United States,
1070,Rockyard Brewing,Colorado,United States,
1071,Roffey Brewery,Michigan,United States,
1072,Rogue Ales,Oregon,United States,http://www.rogue.com
1073,ronald mengerink,,Belgium,http://www.dedochtervandekorenaar.be
1074,Roost Brewery,California,United States,
1075,Roots Organic Brewing,Oregon,United States,
1076,Ross Valley Brewing,California,United States,
1077,Rothaus Brauerei,Wisconsin,United States,
1078,Route 66 Brewery,Missouri,United States,
1079,Routh Street Brewery and Grille,Texas,United States,
1080,Rowland's Calumet Brewery,Wisconsin,United States,http://rowlandsbrewery.com/
1081,Roy Pitz Brewing Company,Pennsylvania,United States,http://roypitz.com/
1082,Rubicon Brewing,California,United States,
1083,Ruppaner-Brauerei,Baden-Wrttemberg,Germany,
1084,Rush River Brewing,Wisconsin,United States,
1085,Russell Brewing,British Columbia,Canada,
1086,Russian River Brewing,California,United States,http://www.russianriverbrewing.com/
1087,S.A. Damm,,Spain,http://www.estrelladamm.es/
1088,SA Brain & Co. Ltd.,Wales,United Kingdom,
1089,"Sabmiller India,",Karnataka,India,http://www.sabmiller.in/
1090,Sacramento Brewing Company,California,United States,http://sacbrew.blogspot.com/
1091,Saint Arnold Brewing,Texas,United States,http://www.saintarnold.com
1092,Saint Louis Brewery / Schlafy Tap Room,Missouri,United States,http://www.schlafly.com/
1093,Saint Somewhere Brewing Company,Florida,United States,http://www.saintsomewherebrewing.com/
1094,Saku lletehas,,Estonia,
1095,Salado Creek Brewing Company,Texas,United States,
1096,Salopian Brewery,Shropshire,United Kingdom,
1097,Salt Lake Brewing - Squatters,Utah,United States,
1098,"Sam Choy's Breakfast, Lunch, Crab & Big Aloha Brewery",Hawaii,United States,
1099,Samuel Smith Old Brewery (Tadcaster),North Yorkshire,United Kingdom,
1100,San Diego Brewing,California,United States,
1101,San Marcos Brewery & Grill,California,United States,
1102,San Miguel Corporation,,Philippines,
1103,Sand Creek Brewing Company,Wisconsin,United States,http://www.sandcreekbrewing.com/
1104,SandLot Brewery at Coors Field,Colorado,United States,
1105,Sanford's Grub and Pub,Wyoming,United States,
1106,Santa Barbara Brewing,California,United States,
1107,Santa Cruz Brewing,California,United States,
1108,Santa Fe Brewing Company,New Mexico,United States,http://www.santafebrewing.com/
1109,Santa Rosa Brewing,California,United States,
1110,Sapporo Breweries - Chuo,Kanto,Japan,
1111,Sarah Hughes Brewery,West Midlands,United Kingdom,
1112,Saxer Brewing,Oregon,United States,
1113,Scharer's Little Brewery,NSW,Australia,
1114,Schlobrauerei Reckendorf,Bayern,Germany,
1115,Schloss Eggenberg,,Austria,
1116,Schlossbru,,Austria,
1117,SchÃ¶fferhofer,Hessen,Germany,http://www.schoefferhofer.de/
1118,Schooner Brewery,Texas,United States,
1119,Schooner's Grille & Brewery,California,United States,
1120,Schussenrieder Erlebnisbrauerei,Baden-Wrttemberg,Germany,
1121,Scotch Irish Brewing,Ontario,Canada,
1122,Scottish & Newcastle Breweries,Northumberland,United Kingdom,
1123,Scottish & Newcastle PLC,Scotland,United Kingdom,
1124,Scuttlebutt Brewing,Washington,United States,
1125,Sea Dog Brewing Company,Maine,United States,http://www.seadogbrewing.com/
1126,Seabright Brewery,California,United States,
1127,Second Street Brewery,New Mexico,United States,http://www.secondstreetbrewery.com/
1128,Selin's Grove Brewing Co.,Pennsylvania,United States,http://www.selinsgrovebrewing.com/
1129,Sequoia Brewing Conoabt,California,United States,http://www.sequoiabrewing.com/
1130,Shaftebury Brewing,British Columbia,Canada,
1131,Sharktooth Brewing,Hawaii,United States,
1132,Shepherd Neame,Kent,United Kingdom,
1133,Sherlock's Home,Minnesota,United States,
1134,Ship Inn Brewpub,New Jersey,United States,
1135,Shipwrecked Brew Pub,Wisconsin,United States,
1136,Shipyard Brewing - Portland,Maine,United States,http://www.shipyard.com/
1137,Shmaltz Brewing Company,California,United States,http://www.shmaltz.com/
1138,Shmaltz Enterprises,California,United States,
1139,Short's Brewing Company,Michigan,United States,http://www.shortsbrewing.com
1140,Sierra Leone Brewery,Sierra Leone,Sierra Leone,http://www.slbrewery.com/
1141,Sierra Madre Brewing Co.,Nuevo Leon,Mexico,http://www.smbc.com.mx/
1142,Sierra Nevada Brewing Co.,California,United States,http://www.sierranevada.com/
1143,Siletz Roadhouse & Brewery,Oregon,United States,
1144,Silver Gulch Brewing Company,Alaska,United States,http://www.ptialaska.net/~gbrady/
1145,Silverado Brewing,California,United States,
1146,Simmerberg Brusttt und Taferne,Bayern,Germany,
1147,Sioux Falls Brewing,South Dakota,United States,
1148,Six Rivers Brewery,California,United States,http://www.sixriversbrewery.com/
1149,Sixpoint Craft Ales,New York,United States,http://www.sixpointcraftales.com/
1150,Ska Brewing Company,Colorado,United States,http://www.skabrewing.com/
1151,Skagit River Brewing,Washington,United States,
1152,Skol Breweries,,India,
1153,Slab City Brewing,Wisconsin,United States,
1154,Sleeman Brewing & Malting,Ontario,Canada,
1155,Sleeping Lady Brewing Company,Alaska,United States,http://www.alaskabeers.com/
1156,Slottskllans Bryggeri,,Sweden,
1157,Sly Fox Brewhouse and Eatery - Phoenixville,Pennsylvania,United States,http://www.slyfoxbeer.com/index1.asp
1158,Sly Fox Brewhouse and Eatery - Royersford,Pennsylvania,United States,http://www.slyfoxbeer.com/index1.asp
1159,Smoky Mountain Brewing,Tennessee,United States,
1160,Smuttynose Brewing Co.,New Hampshire,United States,http://www.smuttynose.com/
1161,Snake River Brewing,Wyoming,United States,http://www.snakeriverbrewing.com
1162,Snipes Mountain Microbrewery & Restaurant,Washington,United States,
1163,Snowshoe Brewing - Sonora,California,United States,
1164,Sockeye,Idaho,United States,
1165,Socorro Springs Brewing,New Mexico,United States,
1166,Sonoran Brewing Company,Arizona,United States,http://www.sonoranbrewing.com/
1167,South Australian Brewing,South Australia,Australia,
1168,South County Brewing Co.,Pennsylvania,United States,http://www.southcountybrewing.com/
1169,South Shore Brewery,Wisconsin,United States,
1170,Southampton Publick House,New York,United States,http://southamptonbrewery.com
1171,Southend Brewery and Smokehouse - Charleston,South Carolina,United States,
1172,Southern Star Brewing Company,Texas,United States,http://www.southernstarbrewery.com/
1173,Southern Tier Brewing Co,New York,United States,http://www.southerntierbrewing.com/
1174,357,,,
1175,Spanish Peaks Brewing,Montana,United States,http://www.blackdogales.com/
1176,Spaten-Franziskaner-BrÃ¤u,Bayern,Germany,
1177,Speakeasy Ales and Lagers,California,United States,
1178,Spilker Ales,Nebraska,United States,
1179,Spoetzl Brewery,Texas,United States,http://www.shiner.com
1180,Sports City Cafe & Brewery,California,United States,
1181,Sprecher Brewing,Wisconsin,United States,http://www.sprecherbrewery.com/
1182,Spring House Brewing Company,Pennsylvania,United States,http://www.springhousebeer.com/
1183,Springfield Brewing,Missouri,United States,
1184,St John Brewers,Virgin Islands,United States,http://www.stjohnbrewers.com/index.html
1185,St Peter's Brewery,Suffolk,United Kingdom,
1186,St. Austell Brewery,Cornwall,United Kingdom,http://www.staustellbrewery.co.uk/
1187,St. Francis Abbey Brewery,,Ireland,http://www.diageo.ie/Company/Brewing/KilKenny/CompanyBrewingKilkenny
1188,St. GeorgenBru Modschiedler KG,Bayern,Germany,
1189,St. James's Gate Brewery,,Ireland,http://www.guinness.com
1190,St. Stan's Brewing Co.,California,United States,http://www.ststans.com/
1191,Staatliches HofbrÃ¤uhaus in MÃ¼nchen,Bayern,Germany,
1192,Stadsbrouwerij De Hemel,,Netherlands,
1193,Standing Stone Brewing Company,Oregon,United States,http://www.standingstonebrewing.com/
1194,Steam Whistle Brewery,ON,Canada,http://www.steamwhistle.ca
1195,Steamworks,British Columbia,Canada,http://www.steamworks.com/gastown_index.htm
1196,Steamworks Brewing - Durango,Colorado,United States,
1197,Steel Brewing,Texas,United States,
1198,Steinfels Back & Brau,,Switzerland,
1199,Steve and Clark's Brew Pub and Sausage Co. #2,North Carolina,United States,
1200,Stevens Point Brewery,Wisconsin,United States,
1201,Stewart's Brewing,Delaware,United States,
1202,Stieglbrauerei zu Salzburg GmbH,,Austria,http://www.stieglbrauerei.at/
1203,Stillwater Artisanal Ales,Maryland,United States,http://www.stillwaterales.com/
1204,Stone Brewing Co.,California,United States,http://www.stonebrew.com/
1205,Stone Cellar Brewpub & Restaurant,Wisconsin,United States,
1206,Stone City Brewing,Iowa,United States,
1207,Stone Coast Brewing - Portland,Maine,United States,
1208,Stonecutters Brewhouse,Vermont,United States,http://www.stonecuttersbrewhouse.com/
1209,Stoney Creek Brewing Company,Michigan,United States,
1210,Storm Brewing,British Columbia,Canada,http://www.stormbrewing.org
1211,Stoudt's Brewery,Pennsylvania,United States,http://www.stoudtsbeer.com/brewery.html
1212,Stout Brothers Public House,Wisconsin,United States,
1213,Strangford Lough Brewing Company Ltd,County Down,Ireland,http://slbc.ie/
1214,Straub Brewery,Pennsylvania,United States,http://www.straubbeer.com/index.htm
1215,Stroh Brewery Company,Florida,United States,
1216,Sturgeon Bay Brewing,Wisconsin,United States,
1217,Stuttgarter Hofbru,Baden-Wrttemberg,Germany,
1218,Sudwerk Privatbrauerei Hbsch,California,United States,
1219,Sullivan's Black Forest Brew Haus & Grill,Michigan,United States,
1220,Summit Brewing,Minnesota,United States,http://www.summitbrewing.com/
1221,Surly Brewing,Minnesota,United States,http://www.surlybrewing.com/
1222,Swan Brewery,Western Australia,Australia,
1223,Sweet Water Tavern and Brewery,Virginia,United States,http://www.greatamericanrestaurants.com/sweetMainSter/index.htm
1224,Sweetwater Brewing - Atlanta,Georgia,United States,http://www.sweetwaterbrew.com/
1225,Sweetwater Brewing - Casper,Wyoming,United States,
1226,Sweetwater Tavern - Centreville,Virginia,United States,
1227,Switchback Brewing Co,Vermont,United States,
1228,T&R; Theakston,North Yorkshire,United Kingdom,
1229,"T-Bonz Gill, Grill and Brewery",South Carolina,United States,
1230,Tabernash Brewing,Colorado,United States,
1231,Tablerock,Idaho,United States,http://www.tablerockbrewpub.com/
1232,Tailgate Beer,California,United States,http://www.tailgatebeer.com/indexmain.php
1233,Taiwan Tobacco and Wine Monopoly Board,,"Taiwan, Province of China",
1234,Tampa Bay Brewing,Florida,United States,
1235,Tap Room Brewing Company,Wisconsin,United States,http://www.taproom21.com/
1236,Taylor Brewing,Illinois,United States,
1237,Taylor's Crossing Brewing,British Columbia,Canada,
1238,Taylor's Restaurant and Brewery,California,United States,
1239,Tempo,,Israel,http://www.tempo.co.il/
1240,Tenaya Creek Restaurant and Brewery,Nevada,United States,
1241,Tennent Caledonian Brewery,Scotland,United Kingdom,
1242,Terminal Gravity Brewing,Oregon,United States,
1243,Terrapin Beer Company,Georgia,United States,http://www.terrapinbeer.com/
1244,The Alchemist,Vermont,United States,http://www.alchemistbeer.com/
1245,The Blind Bat Brewery LLC,New York,United States,http://www.blindbatbrewery.com/
1246,The Bruery,California,United States,http://www.thebruery.com/
1247,The Cambridge House,Connecticut,United States,http://www.cambridgebrewhouse.com/
1248,The Church Brew Works,Pennsylvania,United States,http://churchbrew.com/
1249,The Hop Yard,California,United States,http://www.hopyard.com/
1250,The Livery,Michigan,United States,http://liverybrew.com/
1251,The Lost Abbey,California,United States,http://www.lostabbey.com/
1252,The Narragansett Brewing Company,Rhode Island,United States,http://www.narragansettbeer.com
1253,The Round Barn Winery & Brewery,Michigan,United States,http://www.roundbarnwinery.com/brewery.php
1254,Third Street Ale Works,California,United States,http://www.thirdstreetaleworks.com
1255,Thirsty Dog Brewing,Ohio,United States,http://www.thirstydog.com
1256,ThirstyBear Brewing,California,United States,
1257,Thomas Creek Brewery,South Carolina,United States,
1258,Thomas Hooker Brewing,Connecticut,United States,http://www.hookerbeer.com/
1259,Thomas Kemper Brewing,Washington,United States,
1260,Three Floyds Brewing,Indiana,United States,http://www.threefloydspub.com/
1261,Three Needs Brewery and Taproom,Vermont,United States,
1262,Thunder Canyon Brewery,Arizona,United States,http://www.thundercanyonbrewery.com/
1263,Thunderhead Brewery,Nebraska,United States,
1264,Thunderhead Brewery #2,Nebraska,United States,
1265,Tied House Cafe & Brewery - San Jose,California,United States,
1266,Timmermans,,Belgium,http://www.anthonymartin.be/
1267,Tin Whistle Brewing,British Columbia,Canada,
1268,Titletown Brewing,Wisconsin,United States,
1269,Tivoli Brewing,Colorado,United States,
1270,Tollemache and Cobbold Brewery,Suffolk,United Kingdom,
1271,Tommyknocker Brewery and Pub,Colorado,United States,http://www.tommyknocker.com/
1272,Tomos Watkin and Sons Ltd.,Wales,United Kingdom,
1273,Tongerlo,Antwerp,Belgium,http://www.tongerlo.be
1274,Tooheys,New South Wales,Australia,
1275,Tooth's,New South Wales,Australia,
1276,Top of the Hill Restaurant and Brewery,North Carolina,United States,
1277,Trade Winds Brewing,Hawaii,United States,
1278,Traffic Jam and Snug,Michigan,United States,
1279,Trailhead Brewing Company,Missouri,United States,
1280,Trap Rock Restaurant and Brewery,New Jersey,United States,
1281,Traquair House Brewery,Scotland,United Kingdom,
1282,Trinity Brewing Company,Colorado,United States,http://trinitybrew.com/
1283,Triple Rock Brewery,California,United States,
1284,Triumph Brewing of New Hope,Pennsylvania,United States,http://www.triumphbrewing.com/
1285,Triumph Brewing of Princeton,New Jersey,United States,
1286,Troegs Brewing,Pennsylvania,United States,http://www.troegs.com/
1287,"Tropical Beverage (International) Co., Ltd",,Thailand,http://www.tropbevco.com/
1288,Trout River Brewing,Vermont,United States,http://www.troutriverbrewing.com/
1289,Tsingtao,Shandong,China,
1290,Tucher Bru,Bayern,Germany,
1291,Tui Brewery,,New Zealand,
1292,Tunner's Guild Brewing Systems,Minnesota,United States,
1293,Tuppers Hop Pocket Ale,Maryland,United States,
1294,Tustin Brewing,California,United States,
1295,Twin Ports Brewing,Wisconsin,United States,
1296,Twin Rivers Brewing,Washington,United States,
1297,Twisted Pine Brewing Company,Colorado,United States,http://www.twistedpinebrewing.com/
1298,Two Brothers Brewing,Illinois,United States,http://www.twobrosbrew.com/
1299,Two Dogs Beverage Company,New York,United States,
1300,TwoRows Restaurant & Brewery - Dallas,Texas,United States,
1301,Tyranena Brewing,Wisconsin,United States,http://www.tyranena.com
1302,Tyskie Browary KsiÄ…Å¼Ä™ce,,Poland,http://www.tyskie.pl/
1303,Uerige Obergrige Hausbrauerei,Nordrhein-Westfalen,Germany,
1304,Uinta Brewing Compnay,Utah,United States,http://www.uintabrewing.com/
1305,Ukiah Brewing,California,United States,
1306,Umpqua Brewing,Oregon,United States,
1307,Unibroue,Quebec,Canada,http://www.unibroue.com
1308,Unicer,,Portugal,http://www.unicer.pt
1309,Union Barrel Works,Pennsylvania,United States,http://www.unionbarrelworks.com/
1310,Union Colony Brewery,Colorado,United States,
1311,Unionsbru Haidhausen,Bayern,Germany,
1312,United Breweries Limited,,India,
1313,Upland Brewing,Indiana,United States,http://www.uplandbeer.com
1314,Upper Mississippi Brewing,Iowa,United States,
1315,Upstream Brewing Company at Legacy,Nebraska,United States,
1316,Upstream Brewing Old Market,Nebraska,United States,http://www.upstreambrewing.com/
1317,Ushers of Trowbridge,Wiltshire,United Kingdom,
1318,Utah Brewers Cooperative,Utah,United States,http://www.utahbeers.com/
1319,Utenos Alus,,Lithuania,
1320,Valley Brewing Company,California,United States,http://www.valleybrew.com/
1321,Valley Forge Brewing,Pennsylvania,United States,
1322,Van Honsebrouch,,Belgium,
1323,Vancouver Island Brewing,British Columbia,Canada,
1324,Vermont Pub & Brewery,Vermont,United States,http://www.vermontbrewery.com/
1325,Vetterï¿½s Alt Heidelberger Brauhaus,Baden-WÃ¼rttemberg,Germany,http://www.brauhaus-vetter.de
1326,Victory Brewing,Pennsylvania,United States,http://www.victorybeer.com
1327,Viking Brewing,Wisconsin,United States,
1328,Vintage 50 Restaurant and Brew Lounge,Virginia,United States,http://www.vintage50.com/
1329,Vivungs Bryggeri,,Sweden,
1330,"Voodoo Brewing Co.,LLC",Pennsylvania,United States,http://www.voodoobrewery.com/
1331,vyturio Alaus Darykla,,Lithuania,
1332,Wachusetts Brewing Company,Massachusetts,United States,http://www.wachusettbrew.com
1333,Wagner Valley Brewing,New York,United States,
1334,Wainwright Brewing,Pennsylvania,United States,
1335,Walking Man Brewery,Washington,United States,http://www.walkingmanbrewing.com/
1336,Walldorff Brew Pub,Michigan,United States,http://walldorffbrewpub.com/
1337,Warsteiner Brauerei,Nordrhein-Westfalen,Germany,
1338,Watch City Brewing,Massachusetts,United States,
1339,Water Street Brewery,Wisconsin,United States,
1340,Water Street Lake Country,Wisconsin,United States,
1341,Water Tower Brewing,Minnesota,United States,
1342,Watney Brewery,London,United Kingdom,
1343,Watson Brothers Brewhouse,Ohio,United States,
1344,Wdi-Bru-Huus,,Switzerland,
1345,Weeping Radish Restaurant and Brewery - Manteo,North Carolina,United States,
1346,Weinkeller Brewery - Berwyn,Illinois,United States,
1347,Weissbierbrauerei Hopf,Bayern,Germany,
1348,Wells and (&) Youngs Brewing Company Ltd.,,United Kingdom,http://www.bombardier.co.uk/bombardier
1349,WernesgrÃ¼ner Brauerei,Sachsen,Germany,http://www.wernesgruener.de/
1350,WernesgrÃ¼ner Brauerei GmbH,,Germany,http://www.wernesgruener.de/
1351,Western Reserve Brewing,Ohio,United States,
1352,Weyerbacher Brewing Company,Pennsylvania,United States,http://www.weyerbacher.com/
1353,WH Brakspear & Sons,Oxford,United Kingdom,
1354,Wharf Rat,Maryland,United States,http://www.thewharfrat.com
1355,Whim Ales,Derby,United Kingdom,
1356,Whitbread Beer Company,Bedford,United Kingdom,
1357,White Marsh Brewing Company,Maryland,United States,http://www.redbrickstation.com/
1358,White Oak Cider,Oregon,United States,
1359,White Winter Winery,Wisconsin,United States,
1360,Whitstable Brewery,Kent,United Kingdom,
1361,Widmer Brothers Brewing,Oregon,United States,
1362,Wild Duck Brewing,Oregon,United States,
1363,"Wild Goose Brewery, LLC",Maryland,United States,http://www.wildgoosebrewery.com/
1364,Wild Onion Brewing,Illinois,United States,
1365,Wild River Brewing and Pizza - Cave Junction,Oregon,United States,
1366,William Kuether Brewing,Wisconsin,United States,
1367,Williams Brothers Brewing Company,Scotland,United Kingdom,
1368,Willoughby Brewing,Ohio,United States,
1369,Wilmington Brewing,North Carolina,United States,
1370,Wisconsin Brewing,Wisconsin,United States,
1371,Wolf Pack Brewing,Montana,United States,
1372,Wolf Tongue Brewery,Colorado,United States,
1373,Woodforde's Norfolk Ales,Norfolk,United Kingdom,
1374,Wrzburger Hofbru AG,Bayern,Germany,
1375,Wychwood Brewery,Oxford,United Kingdom,
1376,Wychwood Brewery Company Ltd,,United Kingdom,
1377,Wyder's Cider,Alberta,Canada,
1378,Wye Valley Brewery,Hereford and Worcester,United Kingdom,
1379,Wynkoop Brewing,Colorado,United States,http://www.wynkoop.com/
1380,Yakima Brewing and Malting / Grant's Ales,Washington,United States,
1381,Yaletown Brewing,British Columbia,Canada,
1382,Yamhill Brewing,Oregon,United States,
1383,Yards Brewing,Pennsylvania,United States,
1384,Marshall Wharf Brewing Company,Maine,United States,http://www.marshallwharf.com
1385,Youngs & Company Brewery,,England,http://www.youngs.co.uk
1386,Zea Rotisserie and Brewery,Louisiana,United States,http://www.zearestaurants.com
1387,Yegua Creek Brewing - Dallas,Texas,United States,
1388,Yuengling & Son Brewing,Pennsylvania,United States,http://www.yuengling.com
1389,York Brewery,,England,http://www.york-brewery.co.uk
1390,Yellowstone Valley Brewing,Montana,United States,http://www.yellowstonevalleybrew.com
1391,Yazoo Brewing,Tennessee,United States,http://www.yazoobrew.com
1392,Yuksom Breweries,Sikkim,India,
1393,Baxter Brewing,ME,United States,
1394,Aviator Brewing Company,North Carolina,United States,http://www.aviatorbrew.com/
1396,Aspen Brewing Company,Colorado,United States,http://aspenbrewingcompany.com
1397,Tallgrass Brewing Co.,KS,United States,http://www.tallgrassbeer.com
1398,Half Acre Beer Company,IL,United States,http://inyourguts.blogspot.com/
1399,New Jersey Beer Company,NJ,United States,http://www.njbeerco.com
1400,FINNEGANS,Minnesota,United States,http://www.finnegans.org
1401,Half Pints Brewing Company,Manitoba,Canada,http://www.halfpintsbrewing.com
1402,Warwick Valley Wine Co.,NY,United States,http://www.wvwinery.com
1403,The Nook Brewhouse,,United Kingdom,
1404,The St. Louis Brewrey,MO,United States,http://http://www.schlafly.com
1405,Baltika Breweries,,Russia,http://baltikabeer.com/
1406,Baltika Breweries,,Russia,http://baltikabeer.com/
1407,Catawba Valley Brewing Company,NC,United States,http://www.catawbavalleybrewingcompany.com/
1408,Walnut Brewery,Colorado,United States,http://www.walnutbrewery.com/
1409,Columbus Brewing Company,OH,United States,www.columbusbrewingco.com
1410,Oso,WI,United States,http://www.osobrewing.com/Home.php
1411,Element Brewing Company,MA,United States,http://www.elementbeer.com
1412,Cains,Merseyside,United Kingdom,http://www.cains.co.uk/
1413,Wedge Brewery,NC,United States,http://wedgebrewing.com/
1414,Black Creek Historic Brewery,Ontario,Canada,http://www.blackcreekbrewery.ca/
1415,Hertog Jan,,Netherlands,http://www.hertogjan.nl/site/
1416,Brewery Vivant,MI,United States,http://breweryvivant.com
1417,Oakshire,Or,United States,
1418,Oakshire,Or,United States,
1422,Abhi Brewery,,India,
1423,Brasserie du Bouffay,,France,